,,,,,
Acamar *,q,Eri,天 园 六,2.91,-
Adhil,n,And,奎 宿 七,4.2,-
Al Mizar,b,And,奎 宿 九,2.06,-
Alamak,g,And,天大将军一,2.26,d
Almaac,g,And,天大将军一,2.26,d
Almaach,g,And,天大将军一,2.26,d
Almaack,g,And,天大将军一,2.26,d
Almaak,g,And,天大将军一,2.26,d
Almach *,g,And,天大将军一,2.26,d
Almak,g,And,天大将军一,2.26,d
Alpherat,a,And,壁宿二,2.06,-
Alpheratz *,a,And,壁宿二,2.06,-
Merach,b,And,奎宿九,2.06,-
Mirac,b,And,奎宿九,2.06,-
Mirach *,b,And,奎宿九,2.06,-
Mizar,b,And,奎宿九,2.06,-
Sirah,a,And,壁宿二,2.06,-
Sirrah,a,And,壁宿二,2.06,-
Alschain,b,Aql,河鼓一,3.7,-
Alschairn,b,Aql,河鼓一,3.7,-
Alshain *,b,Aql,河鼓一,3.7,-
Altair **,a,Aql,河鼓二,0.77,-
Althalimain,l,Aql,天弁七,3.6,-
Atair,a,Aql,河鼓二,0.77,-
Deneb,e,Aql,吴越增一,4,-
Deneb,x,Aql,"吴越 , 天市左垣六",2.99,-
Deneb el Okab,e,Aql,吴越增一,4,-
Deneb el Okab,x,Aql,"吴越 , 天市左垣六",2.99,-
Deneb Okab,d,Aql,右旗三,3.4,-
Dheneb,x,Aql,"吴越 , 天市左垣六",2.99,-
Reda,g,Aql,河鼓三,2.72,-
Tarazad,g,Aql,河鼓三,2.72,-
Tarazed *,g,Aql,河鼓三,2.72,-
Al Bali,e,Aqr,女 宿 一,3.8,-
Albali *,e,Aqr,女宿一,3.8,-
Ancha *,q,Aqr,泣二,4.3,-
Bunda,x,Aqr,天垒城一,4.7,-
El Melik,a,Aqr,危宿一,2.96,-
Saad el Melik,a,Aqr,危宿一,2.96,-
Saad el Suud,b,Aqr,虚宿一,2.91,-
Sad es Saud,b,Aqr,虚宿一,2.91,-
Sadachbia *,g,Aqr,坟墓二,3.8,-
Sadal Melik,a,Aqr,危宿一,2.96,-
Sadalachbia,g,Aqr,坟墓二,3.8,-
Sadalmelek,a,Aqr,危宿一,2.96,-
Sadalmelik *,a,Aqr,危宿一,2.96,-
Sadalsud,b,Aqr,虚宿一,2.91,-
Sadalsund,b,Aqr,虚宿一,2.91,-
Sadalsuud *,b,Aqr,虚宿一,2.91,-
Sadlamulk,a,Aqr,危宿一,2.96,-
Scheat,d,Aqr,羽林军二十六,3.3,-
Situla,k,Aqr,虚梁三,5.3,-
Skat *,d,Aqr,羽林军二十六,3.3,-
Choo,a,Ara,杵二(箕宿),2.95,-
Al Sheratain,b,Ari,娄 宿 一,2.64,-
Alnath,a,Ari,娄宿三,2,-
Arietis,a,Ari,娄宿三,2,-
Botein,d,Ari,天阴四,4.5,-
El Nath,a,Ari,娄宿三,2,-
Hamal *,a,Ari,娄宿三,2,-
Hamul,a,Ari,娄宿三,2,-
Hemal,a,Ari,娄宿三,2,-
Mesarthim,g,Ari,娄宿二,4.8,d
Mesartim *,g,Ari,娄宿二,4.8,d
Ras Hammel,a,Ari,娄宿三,2,-
Sharatan,b,Ari,娄宿一,2.64,-
Sheratan *,b,Ari,娄宿一,2.64,-
Al Anz,e,Aur,柱 一 ( 毕 宿 ),2.99,v
Alanz,e,Aur,柱一(毕宿),2.99,v
Alhajoth,a,Aur,五车二,0.08,-
Almaaz,e,Aur,柱一(毕宿),2.99,v
Capella **,a,Aur,五车二,0.08,-
Haedus,z,Aur,柱二(毕宿),3.8,-
Hasseleh,i,Aur,五车一,2.69,-
Hoedus I,z,Aur,柱二(毕宿),3.8,-
Hoedus II,h,Aur,柱三(毕宿),3.17,-
Maaz,e,Aur,柱一(毕宿),2.99,v
Menkalina,b,Aur,五车三,1.9,-
Menkalinan *,b,Aur,五车三,1.9,-
Saclateni,z,Aur,柱二(毕宿),3.8,-
Sadatoni,z,Aur,柱二(毕宿),3.8,-
Singer,a,Aur,五车二,0.08,-
Alkalurops *,m,Boo,七公六,4.5,-
Alkaurops,m,Boo,七公六,4.5,-
Arcturus **,a,Boo,大角,-0.04,-
Asellus Primus,q,Boo,天枪三,4.1,-
Asellus Secundus,i,Boo,天枪二,4.8,-
Asellus Tertius,k,Boo,天枪一,4.5,-
Ceginus,g,Boo,招摇,3.03,-
Clava,m,Boo,七公六,4.5,-
Falx Italica,38,Boo,玄戈增二,5.7,-
Haris,g,Boo,招摇,3.03,-
Icalurus,m,Boo,七公六,4.5,-
Inkalunis,m,Boo,七公六,4.5,-
Izar *,e,Boo,梗河一,2.37,d
Job's Star,a,Boo,大角,-0.04,-
Marrha,38,Boo,玄戈增二,5.7,-
Meres,b,Boo,七公增五,3.6,-
Merez,b,Boo,七公增五,3.6,-
Merga,38,Boo,玄戈增二,5.7,-
Mirac,e,Boo,梗河一,2.37,d
Mirach,e,Boo,梗河一,2.37,d
Mirak,e,Boo,梗河一,2.37,d
Mirrak,e,Boo,梗河一,2.37,d
Mizar,e,Boo,梗河一,2.37,d
Mufrid,h,Boo,右摄提一,2.86,-
Mufride,h,Boo,右摄提一,2.86,-
Muphrid *,h,Boo,右摄提一,2.86,-
Muphride,h,Boo,右摄提一,2.86,-
Nekkar *,b,Boo,七公增五,3.6,-
Pulcherrima,e,Boo,梗河一,2.37,d
Saak,h,Boo,右摄提一,2.86,-
Seginus *,g,Boo,招摇,3.03,-
Venabulum,m,Boo,七公六,4.5,-
Al Giedi,a,Cap,牛 宿 二,3.6,d
Algedi *,a2,Cap,牛宿二,3.6,d
Algedi Prima,a1,Cap,牛宿增六,4.2,-
Algedi Secunda,a2,Cap,牛宿二,3.6,-
Algiedi,a,Cap,牛宿二,3.6,d
Alshat,n,Cap,牛宿增七,4.6,-
Dabih *,b,Cap,牛宿一,3.08,-
Dabih Major,b1,Cap,牛宿一,3.1,-
Dabih Minor,b2,Cap,牛宿一,6.1,-
Deneb Algedi *,d,Cap,垒壁阵四,2.87,-
Deneb Al Giedi,d,Cap,垒壁阵四,2.87,-
Deneb Algedi,d,Cap,垒壁阵四,2.87,-
Deneb Algiedi,d,Cap,垒壁阵四,2.87,-
Dhabih,b,Cap,牛宿一,3.08,-
Giedi,a,Cap,牛宿二,3.6,d
Giede Prime,a1,Cap,牛宿增六,4.2,-
Giede Secunda,a2,Cap,牛宿二,3.6,-
Gredi,a2,Cap,牛宿二,3.6,-
Nashira *,g,Cap,垒壁阵三,3.8,-
Prima Giedi,a,Cap,牛宿二,3.6,d
Scheddi,d,Cap,垒壁阵四,2.87,-
Secunda Giedi,a2,Cap,牛宿二,3.6,-
Sheddi,d,Cap,垒壁阵四,2.87,-
Asmidiske,i,Car,海石二,2.25,-
Aspidiske *,i,Car,海石二,2.25,-
Avior *,e,Car,海石一,1.86,-
Azmidiske,i,Car,海石二,2.25,-
Canopus **,a,Car,老人,-0.72,-
Maiaplacidus,b,Car,南船五,1.68,-
Miaplacidus *,b,Car,南船五,1.68,-
Sadatoni,z,Car,柱二(毕宿),4,v
Scutulum,i,Car,海石二,2.25,-
Suhail,a,Car,老人,-0.72,-
Suhail Radar,z,Car,柱二(毕宿),4,v
Suhel,a,Car,老人,-0.72,-
Turais,i,Car,海石二,2.25,-
Tureis,i,Car,海石二,2.25,-
Achird,h,Cas,王 良 三,3.6,d
Al Sanam al Nakah,b,Cas,王 良 一,2.27,-
Caph *,b,Cas,王良一,2.27,-
Castula,n,Cas,阁道五,4.8,-
Chaph,b,Cas,王良一,2.27,-
Cih,g,Cas,策,2.47,-
Kaff,b,Cas,王良一,2.27,-
Ksora,d,Cas,阁道三,2.68,-
Marfak,m,Cas,-,5.2,-
Marfak,q,Cas,阁道四,4.3,-
Navi,e,Cas,阁道二,3.4,-
Rucha,d,Cas,阁道三,2.68,-
Ruchbah *,d,Cas,阁道三,2.68,-
Ruchbah,e,Cas,阁道二,3.4,-
Schedar *,a,Cas,王良四,2.23,v
Schedir,a,Cas,王良四,2.23,v
Segin,e,Cas,阁道二,3.4,-
Shedar,a,Cas,王良四,2.23,v
Shedir,a,Cas,王良四,2.23,v
Shedir,a,Cas,王良四,2.23,v
Tsih,g,Cas,策,2.47,-
Agena,b,Cen,马 腹 一,0.61,-
Al Rijil,a,Cen,南 门 二,-0.27,d
Hadar **,b,Cen,马腹一,0.61,-
Menkent *,q,Cen,库楼三,2.06,-
Muhlifain,g,Cen,库楼七,2.17,-
Rigel Kent,a,Cen,南门二,-0.27,d
Rigel Kentaurus,a,Cen,南门二,-0.27,d
Rigil Kent,a,Cen,南门二,-0.27,d
Rigil Kentaurus **,a,Cen,南门二,-0.27,d
Toliman,a,Cen,南门二,-0.27,d
Tolimann,a,Cen,南门二,-0.27,d
Al Kalb al Rai,r,Cep,刍 贽 一,5.5,-
Al Kirduh,x,Cep,天 钩 六,4.3,d
Alderaimin,a,Cep,天钩五,2.44,-
Alderamin *,a,Cep,天钩五,2.44,-
Alfirk *,b,Cep,上卫增一(紫微左垣),3.3,-
Alkirdah,x,Cep,天钩六,4.3,d
Alkurhah,x,Cep,天钩六,4.3,d
Alphirk,b,Cep,上卫增一(紫微左垣),3.3,-
Alrai,g,Cep,少卫增八(紫微左垣),3.9,-
Arrai,g,Cep,少卫增八(紫微左垣),3.9,-
Er Rai,g,Cep,少卫增八(紫微左垣),3.9,-
Erakis,m,Cep,造父四,4.1,v
Errai *,g,Cep,少卫增八(紫微左垣),3.9,-
Garnet Star,m,Cep,造父四,4.1,v
Herschel's Garnet Star,m,Cep,造父四,4.1,v
Kurhah *,x,Cep,天钩六,4.3,d
Al Kaff al Jidmah,g,Cet,天 囷 八,3.5,d
Alkaffaljidhina,g,Cet,天囷八,3.5,d
Baiten Kaitos,x,Cet,天仓四,3.9,-
Baten Kaitos *,x,Cet,天仓四,3.9,-
Batenkaitos,x,Cet,天仓四,3.9,-
Deneb,h,Cet,天仓二,3.5,-
Deneb al Schemali,i,Cet,天仓一,3.6,-
Deneb Algenudi,h,Cet,天仓二,3.5,-
Deneb Kait,b,Cet,土司空,2.04,-
Deneb Kaitos *,b,Cet,土司空,2.04,-
Deneb Kaitos Senubi,b,Cet,土司空,2.04,-
Deneb Kaitos Shamaliyy,i,Cet,天仓一,3.6,-
Deneb Kaitos Shemali,i,Cet,天仓一,3.6,-
Dheneb,h,Cet,天仓二,3.5,-
Difda,b,Cet,土司空,2.04,-
Difda al Thani,b,Cet,土司空,2.04,-
Diphda,b,Cet,土司空,2.04,-
El Difda,b,Cet,土司空,2.04,-
Kaffaljidhmah,g,Cet,天囷八,3.5,d
Kaffaljidma,g,Cet,天囷八,3.5,d
Mekab,a,Cet,天囷一,2.53,-
Menkab,a,Cet,天囷一,2.53,-
Menkar *,a,Cet,天囷一,2.53,-
Menkar,l,Cet,天囷三,4.7,-
Mira *,o,Cet,刍贽增二,1.7,v
Monkar,a,Cet,天囷一,2.53,-
Rana Secunda,b,Cet,土司空,2.04,-
Schemali,i,Cet,天仓一,3.6,-
Shemali,i,Cet,天仓一,3.6,-
Adara,e,CMa,弧 矢 七,1.5,-
Adhara *,e,CMa,弧 矢 七,1.5,-
Aludra *,h,CMa,弧矢二,2.45,-
Alwazn,d,CMa,弧矢一,1.84,-
Aschere,a,CMa,天狼,-1.46,d
Canicula,a,CMa,天狼,-1.46,d
Furud *,z,CMa,孙增一,3.02,-
Isis,a,CMa,天狼,-1.46,d
Isis,g,CMa,天狼增四,4.1,-
Mirza,b,CMa,军市一,1.98,-
Mirza,g,CMa,天狼增四,4.1,-
Mirzam *,b,CMa,军市一,1.98,-
Mirzim,b,CMa,军市一,1.98,-
Muliphain,g,CMa,天狼增四,4.1,-
Muliphein,g,CMa,天狼增四,4.1,-
Muliphen,g,CMa,天狼增四,4.1,-
Murzim,b,CMa,军市一,1.98,-
Osiris,a,CMa,天狼,-1.46,d
Phurad,z,CMa,孙增一,3.02,-
Phurud,z,CMa,孙增一,3.02,-
Sirius **,a,CMa,天狼,-1.46,d
Wesen,d,CMa,弧矢一,1.84,-
Wezea,d,CMa,弧矢一,1.84,-
Wezen,d,CMa,弧矢一,1.84,-
Algomeyla,b,CMi,南河二,2.9,-
Algomeysa,a,CMi,南河三,0.38,-
Antecanis,a,CMi,南河三,0.38,-
Elgomaisa,a,CMi,南河三,0.38,-
Gomeisa *,b,CMi,南河二,2.9,-
Gomelza,b,CMi,南河二,2.9,-
Procyon **,a,CMi,南河三,0.38,-
Acubens *,a,Cnc,柳 宿 增 三,4.3,-
Al Tarf,b,Cnc,柳 宿 增 十,3.5,-
Altarf,b,Cnc,柳宿增十,3.5,-
Asellus Australis *,d,Cnc,鬼宿四,4.2,-
Asellus Borealis *,g,Cnc,鬼宿三,4.7,-
Sartan,a,Cnc,柳宿增三,4.3,-
Sertan,a,Cnc,柳宿增三,4.3,-
Tarf,b,Cnc,柳宿增十,3.5,-
Tegmen,z,Cnc,水位四,4.7,d
Tegmine,z,Cnc,水位四,4.7,d
Phack,a,Col,丈人一,2.64,-
Phact *,a,Col,丈人一,2.64,-
Phad,a,Col,丈人一,2.64,-
Phaet,a,Col,丈人一,2.64,-
Phakt,a,Col,丈人一,2.64,-
Wasn,b,Col,子二,3.12,-
Wazn *,b,Col,子二,3.12,-
Wezn,b,Col,子二,3.12,-
Diadem,a,Com,"东上将 , 太微左垣五",5.2,-
Alfecca,a,CrA,鳖六,4.1,-
Alfecca Meridiana,a,CrA,鳖六,4.1,-
Meridiana,a,CrA,鳖六,4.1,-
Alphaca,a,CrB,贯索四,2.23,-
Alphacca,a,CrB,贯索四,2.23,-
Alphecca *,a,CrB,贯索四,2.23,-
Alphekka,a,CrB,贯索四,2.23,-
Ashtaroth,a,CrB,贯索四,2.23,-
Gemma,a,CrB,贯索四,2.23,-
Gnosia,a,CrB,贯索四,2.23,-
Gnosia Stella Cornonae,a,CrB,贯索四,2.23,-
Jewel,a,CrB,贯索四,2.23,-
Nusakan *,b,CrB,贯索三,3.1,-
Variabilis Coronae,R,CrB,-,5.8,v
Alkes *,a,Crt,翼宿一,4.2,-
Acrux **,a,Cru,十 字 架 二,0.79,d
Becrux,b,Cru,十字架三,1.25,-
Gacrux *,g,Cru,十字架一,1.63,d
Mimosa *,b,Cru,十字架三,1.25,-
Al Chiba,a,Crv,右 辖,4,-
Al Minliar al Ghurab,a,Crv,右 辖,4,-
Alchiba *,a,Crv,右辖,4,-
Alchita,a,Crv,右辖,4,-
Algoers,d,Crv,轸宿三,2.95,d
Algorab *,d,Crv,轸宿三,2.95,d
Algoral,d,Crv,轸宿三,2.95,d
Algorel,d,Crv,轸宿三,2.95,d
Alkhiba,a,Crv,右辖,4,-
Gienah *,g,Crv,轸宿一,2.59,-
Gienah Ghurab,g,Crv,轸宿一,2.9,-
Kraz,b,Crv,轸宿四,2.65,-
Minkar,e,Crv,轸宿二,3,-
Asterion,b,CVn,常陈四,4.3,-
Chara,a,CVn,常陈一,2.9,-
Chara *,b,CVn,常陈四,4.3,-
Cor Caroli *,a,CVn,常陈一,2.9,-
La Superba,y,CVn,-,5.6,-
Superba,Y,CVn,-,5,-
Al Rukbah al Dajajah,w2,Cyg,天 津 增 三 十 四,5.4,-
Albereo,b,Cyg,辇道增七,3.08,d
Albireo *,b,Cyg,辇道增七,3.08,d
Albireor,b,Cyg,辇道增七,3.08,d
Arided,a,Cyg,天津四,1.25,-
Aridif,a,Cyg,天津四,1.25,-
Arrioph,a,Cyg,天津四,1.25,-
Azelfafage,p1,Cyg,螣蛇四,4.8,-
Deneb **,a,Cyg,天津四,1.25,-
Deneb Cygni,a,Cyg,天津四,1.25,-
Deneb el Adige,a,Cyg,天津四,1.25,-
Gallina,a,Cyg,天津四,1.25,-
Gienah,e,Cyg,天津九,2.46,-
Gienah Cygni,e,Cyg,天津九,2.46,-
Gienar,e,Cyg,天津九,2.46,-
Ruchba,o2,Cyg,天津增三十七,5.4,-
Rukbat al-dejajah,o2,Cyg,天津增三十七,5.4,-
Sadir,g,Cyg,天津一,2.2,-
Sador,g,Cyg,天津一,2.2,-
Sadr *,g,Cyg,天津一,2.2,-
Sadr el dedschadsche,g,Cyg,天津一,2.2,-
Deneb,e,Del,败瓜一,4,-
Deneb Dulfim,e,Del,败瓜一,4,-
Deneb el Delphinus,e,Del,败瓜一,4,-
Nicolaus,a,Del,瓠瓜一,3.8,-
Rotanen,b,Del,瓠瓜四,3.7,-
Rotanev,b,Del,瓠瓜四,3.7,-
Scalovin,a,Del,瓠瓜一,3.8,-
Sualocin,a,Del,瓠瓜 一,3.8,-
Svalocin,a,Del,瓠瓜一,3.8,-
Venator,b,Del,瓠瓜四,3.7,-
Al Dhiba,i,Dra,"左 枢   ,   紫 微 左 垣 一",3.3,-
Al Dhihi,i,Dra,"左 枢   ,   紫 微 左 垣 一",3.3,-
Al Dibah,x,Dra,"上 弼   ,   紫 微 左 垣 四",3.2,-
Al Nath,g,Dra,天 棓 四,2.23,-
Al Rakis,n,Dra,天 棓 二,5,d
Al Tinnin,a,Dra,"右 枢   ,   紫 微 右 垣 一",3.7,-
Aldhibah,x,Dra,"上弼 , 紫微左垣四",3.2,-
Aldhibain,h,Dra,"少宰 , 紫微左垣三",2.74,-
Aldib,d,Dra,天厨一,3.07,-
Alnath,g,Dra,天棓四,2.23,-
Alrakis *,m,Dra,天棓增九,5.1,-
Alsafi,s,Dra,天厨二,4.7,-
Altais *,d,Dra,天厨一,3.07,-
Althafi,s,Dra,天厨二,4.7,-
Alwaid,b,Dra,天棓三,2.79,-
Arrakis,m,Dra,天棓增九,5.1,-
Asuia,b,Dra,天棓三,2.79,-
Athafi,s,Dra,天厨二,4.7,-
Athafiyy,s,Dra,天厨二,4.7,-
Dsiban,y,Dra,女史增一,4.9,-
Dziban,y,Dra,女史增一,4.9,-
Ed Asich,i,Dra,"左枢 , 紫微左垣一",3.3,-
Edasich *,i,Dra,"左枢 , 紫微左垣一",3.3,-
El Rakis,m,Dra,天棓增九,5.1,-
Eldsich,i,Dra,"左枢 , 紫微左垣一",3.3,-
Eltanin *,g,Dra,天棓四,2.23,-
Er Rakis,m,Dra,天棓增九,5.1,-
Errakis,m,Dra,天棓增九,5.1,-
Etamin,g,Dra,天棓四,2.23,-
Etanin,g,Dra,天棓四,2.23,-
Ettanin,g,Dra,天棓四,2.23,-
Genam,x,Dra,天棓一,3.8,-
Gianfar,l,Dra,"上辅 , 紫微右垣三",4.1,-
Giansar,l,Dra,"上辅 , 紫微右垣三",4.1,-
Giausar *,l,Dra,"上辅 , 紫微右垣三",4.1,-
Giauzar,l,Dra,"上辅 , 紫微右垣三",4.1,-
Juza,l,Dra,"上辅 , 紫微右垣三",4.1,-
Juza,x,Dra,天棓一,3.8,-
Kuma,n,Dra,天棓二,5,d
Nodus I,z,Dra,"上弼 , 紫微左垣四",3.2,-
Nodus II,d,Dra,天厨一,3.07,-
Nodus Secundus,d,Dra,天厨一,3.07,-
Rasaben,b,Dra,天棓三,2.79,-
Rastaban *,b,Dra,天棓三,2.79,-
Rastaban,g,Dra,天棓四,2.23,-
Rastaben,b,Dra,天棓三,2.79,-
Tais,d,Dra,天厨一,3.07,-
Thuban *,a,Dra,"右枢 , 紫微右垣一",3.7,-
Tyl,e,Dra,天厨三,4,-
Zenith Star,g,Dra,天棓四,2.23,-
Kitabpha,a,Equ,虚宿二,3.9,-
Kitalpha *,a,Equ,虚宿二,3.9,-
Kitalphar,a,Equ,虚宿二,3.9,-
Kitel Phard,a,Equ,虚宿二,3.9,-
Achernar **,a,Eri,水 委 一,0.46,-
Al Anchat al Nahr,t2,Eri,天 苑 九,4.8,-
Anchat,t2,Eri,天苑九,4.8,-
Angetenar,t2,Eri,天苑九,4.8,-
Azha *,h,Eri,天苑六,4.1,-
Beid *,o1,Eri,九洲殊口二,4.1,-
Cursa *,b,Eri,玉井三,2.79,-
Dhalim,b,Eri,玉井三,2.79,-
El Dhalim,b,Eri,玉井三,2.79,-
Keid *,o2,Eri,九州殊口增十一,4.4,-
Kied,o2,Eri,九洲殊口增十一,4.4,-
Kursa,b,Eri,玉井三,2.79,-
Rana,d,Eri,天苑三,3.7,-
Sceptrum,53,Eri,九斿增四,4,-
Theemim,n2,Eri,天园九,3.8,-
Theemin,n2,Eri,天园九,3.8,-
Theemini,d,Eri,天苑三,3.7,-
Zaurac,g,Eri,天苑一,2.95,-
Zaurack,g,Eri,天苑一,2.95,-
Zaurak *,g,Eri,天苑一,2.95,-
Zibal,z,Eri,天苑五,4.9,-
Zibel,z,Eri,天苑五,4.9,-
Fornacis,a,For,"天苑增三 , 天苑增四",3.9,-
Alhena *,g,Gem,井宿三,1.93,-
Almeisan,g,Gem,井宿三,1.93,-
Alzirr,x,Gem,井宿四,3.4,-
Apollo,a,Gem,北河二,1.58,d
Calx,m,Gem,井宿一,2.88,-
Castor *,a,Gem,北河二,1.58,d
Hercules,b,Gem,北河三,1.14,-
Mebsuta *,e,Gem,井宿五,2.98,-
Mebusta,e,Gem,井宿五,2.98,-
Mekbuda *,z,Gem,井宿七,3.8,v
Melboula,e,Gem,井宿五,2.98,-
Melucta,e,Gem,井宿五,2.98,-
Pishpai,m,Gem,井宿一,2.88,-
Pollux **,b,Gem,北河三,1.14,-
Propus *,h,Gem,钺,3.3,v
Propus,i,Gem,五诸侯三(井宿),3.8,-
Tejat,m,Gem,井宿一,2.88,-
Tejat Posterior,m,Gem,井宿一,2.88,-
Tejat Prior,h,Gem,钺,3.3,v
Wasat *,d,Gem,天樽二,3.5,-
Al Dhanab,b,Gru,鹤 二,2.1,-
Al Dhanab,g,Gru,败 臼 一,3.01,-
Al Na'ir *,a,Gru,鹤 一,1.74,-
Al Nair,a,Gru,鹤 一,1.74,-
Alnair,a,Gru,鹤一,1.74,-
Caiam,w,Her,斗一,4.6,-
Cajam,w,Her,斗一,4.6,-
Cujam,w,Her,斗一,4.6,-
Kajam,w,Her,斗一,4.6,-
Korneforos,b,Her,"河中 , 天市右垣一",2.8,-
Kornephoros *,b,Her,"河中 , 天市右垣一",2.8,-
Maasym,l,Her,"赵 , 天市左垣二",4.5,-
Marfak,k,Her,"晋 , 天市右垣三",5.3,d
Marfik,k,Her,"晋 , 天市右垣三",5.3,d
Marsik,k,Her,"晋 , 天市右垣三",5.3,d
Masym,l,Her,"赵 , 天市左垣二",4.5,-
Mirfak,k,Her,"晋 , 天市右垣三",5.3,d
Misam,l,Her,"赵 , 天市左垣二",4.5,-
Ras Algethi,a,Her,帝座,3.08,d
Rasalegti,a,Her,帝座,3.08,-
Rasalgethi *,a,Her,帝座,3.08,-
Rutilicus,b,Her,"河中 , 天市右垣一",2.8,-
Rutilicus,z,Her,天纪二,2.81,-
Sarin,d,Her,"魏 , 天市左垣一",3.14,-
Al Minliar al Shuja,s,Hya,柳 宿 二,4.4,-
Alfard,a,Hya,星宿一,1.98,-
Alphard *,a,Hya,星宿一,1.98,-
Alphart,a,Hya,星宿一,1.98,-
Cor Hydrae,a,Hya,星宿一,1.98,-
Kalbelaphard,a,Hya,星宿一,1.98,-
Adhafera *,x,Leo,轩 辕 十 一,3.6,-
Al Gieba,g,Leo,轩 辕 十 二,1.9,d
Al Kalb al Asad,a,Leo,轩 辕 十 四,1.35,d
Al Minliar al Asad,k,Leo,轩 辕 七,4.5,-
Aldhafara,x,Leo,轩辕十一,3.6,-
Aldhafera,x,Leo,轩辕十一,3.6,-
Algeiba,g,Leo,轩辕十二,1.9,d
Algenubi,e,Leo,轩辕九,2.98,-
Algieba *,g,Leo,轩辕十二,1.9,d
Alshemali,m,Leo,轩辕十,3.9,-
Alterf *,l,Leo,轩辕八,4.3,-
Asad Australis,e,Leo,轩辕九,2.98,-
Chertan *,q,Leo,"西次相 , 太微右垣四",3.4,-
Chort,q,Leo,"西次相 , 太微右垣四",3.4,-
Cor Leonis,a,Leo,轩辕十四,1.35,d
Coxa,q,Leo,"西次相 , 太微右垣四",3.4,-
Deneb,b,Leo,五帝座一,2.14,-
Deneb Aleet,b,Leo,五帝座一,2.14,-
Denebola *,b,Leo,五帝座一,2.14,-
Denebolan,b,Leo,五帝座一,2.14,-
Dhur,d,Leo,"西上相 , 太微右垣五",2.56,-
Duhr,d,Leo,"西上相 , 太微右垣五",2.56,-
Kabeleced,a,Leo,轩辕十四,1.35,d
Kalb,a,Leo,轩辕十四,1.35,d
Kelb,a,Leo,轩辕十四,1.35,d
Ras al Asad,m,Leo,轩辕十,3.9,-
Ras Elased Australis,e,Leo,轩辕九,2.98,-
Ras Elased Boraelis,m,Leo,轩辕十,3.9,-
Rasalas *,m,Leo,轩辕十,3.9,-
Rassalas,m,Leo,轩辕十,3.9,-
Regulus **,a,Leo,轩辕十四,1.35,d
Rex,a,Leo,轩辕十四,1.35,d
Subra,o,Leo,轩辕十五,3.8,-
Zosca,d,Leo,"西上相 , 太微右垣五",2.56,-
Zosma *,d,Leo,"西上相 , 太微右垣五",2.56,-
Zozca,d,Leo,"西上相 , 太微右垣五",2.56,-
Zozma,d,Leo,"西上相 , 太微右垣五",2.56,-
Zubra,d,Leo,"西上相 , 太微右垣五",2.56,-
Arneb *,a,Lep,厕一,2.58,-
Nibal,b,Lep,厕二,2.84,-
Nihal *,b,Lep,厕二,2.84,-
Brachium,s,Lib,折威七,3.3,-
Cornu,s,Lib,折威七,3.3,-
Elkhiffa Australis,a,Lib,氐宿一,2.75,-
Elkhiffa Boraelis,b,Lib,氐宿四,2.61,-
Kiffa Australis,a,Lib,氐宿一,2.75,-
Kiffa Boraelis,b,Lib,氐宿四,2.61,-
Zebeneschamali,b,Lib,氐宿四,2.61,-
Zeubenelhakrabi,g,Lib,氐宿三,4,-
Zuben el Chamali,b,Lib,氐宿四,2.61,-
Zuben el Genubi,a,Lib,氐宿一,2.75,-
Zuben el Hakrabi,g,Lib,氐宿三,4,-
Zuben Elakrab,g,Lib,氐宿三,4,-
Zuben Elakribi,d,Lib,氐宿增一,4.9,v
Zuben Elgenubi,a,Lib,氐宿一,2.75,-
Zuben Elschemali,b,Lib,氐宿四,2.61,-
Zuben Hakrabi,g,Lib,氐宿三,4,-
Zuben Hakrabi,h,Lib,西咸四,5.4,-
Zuben Hakrabi,n,Lib,氐宿增十,5.2,-
Zuben Hakraki,g,Lib,氐宿三,4,-
Zubenalgubi,s,Lib,折威七,3.3,-
Zubenelakrab,g,Lib,氐宿三,4,-
Zubenelakribi,d,Lib,氐宿增一,4.9,v
Zubenelchemali,b,Lib,氐宿四,2.61,-
Zubenelg,b,Lib,氐宿四,2.61,-
Zubenelgenubi *,a,Lib,氐宿一,2.75,-
Zubenesch,b,Lib,氐宿四,2.61,-
Zubeneschamali *,b,Lib,氐宿四,2.61,-
Zubenhakrabi,g,Lib,氐宿三,4,-
Praecipua,46,LMi,势四,3.8,-
Ke Kouan,b,Lup,骑官四,2.68,-
Men,a,Lup,骑官十,2.3,-
Alsciaukat,31,Lyn,上台增四,4.3,-
Mabsuthat,31,Lyn,上台增四,4.3,-
Al Athfar,m,Lyr,织 女 增 三,5.1,-
Aladfar,h,Lyr,辇道二,4.4,-
Aladfar,m,Lyr,织女增三,5.1,-
Alathfar,m,Lyr,织女增三,5.1,-
Fidis,a,Lyr,织女一,0.03,d
Jugum,g,Lyr,渐台三,3.2,-
Sheliak *,b,Lyr,渐台二,3.4,v
Shelyak,b,Lyr,渐台二,3.4,v
Shiliak,b,Lyr,渐台二,3.4,v
Sulafat *,g,Lyr,渐台三,3.2,-
Sulaphat,g,Lyr,渐台三,3.2,-
Vega **,a,Lyr,织女一,0.03,d
Plaskett's Star,V640,Mon,-,6.1,-
Poaris Australis,s,Oct,南极,5.5,-
Cebalrai *,b,Oph,宗正一,2.77,-
Cebelrai,b,Oph,宗正一,2.77,-
Celb-al-Rai,b,Oph,宗正一,2.77,-
Cheleb,b,Oph,宗正一,2.77,-
Han,z,Oph,"韩 , 天市右垣十一",2.56,-
Jed,d,Oph,"梁 , 天市右垣九",2.74,-
Kalb al Rai,b,Oph,宗正一,2.77,-
Kalbalrai,b,Oph,宗正一,2.77,-
Kelb Alrai,b,Oph,宗正一,2.77,-
Kelb-al-Rai,b,Oph,宗正一,2.77,-
Marfic,l,Oph,列肆二,3.8,-
Marfik *,l,Oph,列肆二,3.8,-
Marsic,l,Oph,列肆二,3.8,-
Ras Alhagua,a,Oph,候,2.08,-
Ras-al-hague,a,Oph,候,2.08,-
Ras-Alhague,a,Oph,候,2.08,-
Rasalhague *,a,Oph,候,2.08,-
Sabik *,h,Oph,"宋 , 天市左垣十一",2.43,-
Yad,d,Oph,"梁 , 天市右垣九",2.74,-
Yed,d,Oph,"梁 , 天市右垣九",2.74,-
Yed Post,e,Oph,"楚 , 天市右垣十",3.3,-
Yed Posterior *,e,Oph,"楚 , 天市右垣十",3.3,-
Yed Prior *,d,Oph,"梁 , 天市右垣九",2.74,-
Al Mankib,a,Ori,参 宿 四,0.5,v
Algebar,b,Ori,参宿七,0.12,d
Algjebbath,h,Ori,参宿增三,3.4,-
Alnihan,e,Ori,参宿二,1.7,-
Alnilam *,e,Ori,参宿二,1.7,-
Alnitah,z,Ori,参宿一,1.76,-
Alnitak *,z,Ori,参宿一,1.76,-
Alnitam,e,Ori,参宿二,1.7,-
Amazon Star,g,Ori,参宿五,1.64,-
Bellatrix *,g,Ori,参宿五,1.64,-
Betelgeuse **,a,Ori,参宿四,0.5,v
Betelgeux,a,Ori,参宿四,0.5,v
Betelgeuze,a,Ori,参宿四,0.5,v
Elgebar,b,Ori,参宿七,0.12,d
Hatsya,i,Ori,伐三,2.77,d
Hatysa,i,Ori,伐三,2.77,d
Heka,l,Ori,嘴宿一,3.7,-
Meissa *,l,Ori,嘴宿一,3.7,-
Mintaka *,d,Ori,参宿三,2.23,d
Mintika,d,Ori,参宿三,2.23,d
Nair al Saif,i,Ori,伐三,2.77,d
Rigel **,b,Ori,参宿七,0.12,d
Saiph,h,Ori,参宿增三,3.4,-
Saiph,i,Ori,伐三,2.77,d
Saiph *,k,Ori,参宿六,2.06,-
Tabit,p3,Ori,参旗六,3.3,-
Tabit,u,Ori,参宿增三十六,4.6,-
Thabit,u,Ori,参宿增三十六,4.6,-
Peacock *,a,Pav,孔雀十一,1.94,-
Al Anf,e,Peg,危 宿 三,2.39,d
Al Hammam,x,Peg,雷 电 一,3.4,-
Alanf,e,Peg,危宿三,2.39,d
Algenib *,g,Peg,壁宿一,2.83,-
Baham,q,Peg,危宿二,3.5,-
Biham *,q,Peg,危宿二,3.5,-
El Khereb,t,Peg,离宫五,4.6,-
Enf,e,Peg,危宿三,2.39,d
Enif *,e,Peg,危宿三,2.39,d
Eniph,e,Peg,危宿三,2.39,d
Enir,e,Peg,危宿三,2.39,d
Fom,e,Peg,危宿三,2.39,d
Homam *,z,Peg,雷电一,3.4,-
Homan,z,Peg,雷电一,3.4,-
Humam,z,Peg,雷电一,3.4,-
Kerb,t,Peg,离宫五,4.6,-
Marchab,a,Peg,室宿一,2.49,-
Markab *,a,Peg,室宿一,2.49,-
Markab,t,Peg,离宫五,4.6,-
Markeb,t,Peg,离宫五,4.6,-
Matar *,h,Peg,离宫四,2.94,-
Menkib,b,Peg,室宿二,2.42,v
Mirfak,a,Peg,室宿一,2.49,-
Mirphak,a,Peg,室宿一,2.49,-
Os Pegasi,e,Peg,危宿三,2.39,d
Sadalbari *,m,Peg,离宫二,3.5,-
Salm,t,Peg,离宫五,4.6,-
Scheat *,b,Peg,室宿二,2.42,v
Seat Alpheras,b,Peg,室宿二,2.42,v
Sheat,b,Peg,室宿二,2.42,v
Al Atik,o,Per,卷 舌 增 七,3.8,-
Algenib,a,Per,天船三,1.79,-
Algol *,b,Per,大陵五,2.12,v
Ati,o,Per,卷舌增七,3.8,-
Atik *,o,Per,卷舌增七,3.8,-
Atiks,o,Per,卷舌增七,3.8,-
El Ghoul,b,Per,大陵五,2.12,v
Gorgona,b,Per,大陵五,2.12,v
Gorgonea Prima,b,Per,大陵五,2.12,v
Gorgonea Quarta,w,Per,大陵增十八,4.6,-
Gorgonea Secunda,p,Per,积尸,4.7,-
Gorgonea Tertia,r,Per,大陵六,3.4,v
Marfac,a,Per,天船三,1.79,-
Marfak,a,Per,天船三,1.79,-
Menchib,x,Per,卷舌三,4.6,-
Menkhib,z,Per,卷舌四,2.85,-
Menkib *,z,Per,卷舌四,2.85,-
Miram,h,Per,天船一,3.9,d
Mirfak *,a,Per,天船三,1.79,-
Mirphak,a,Per,天船三,1.79,-
Mirzak,a,Per,天船三,1.79,-
Misam,k,Per,大陵四,4,-
Ankaa *,a,Phe,火鸟六,2.39,-
Cymbae,a,Phe,火鸟六,2.39,-
Lucida Cymbae,a,Phe,火鸟六,2.39,-
Nair al Zaurak,a,Phe,火鸟六,2.39,-
Difda al Auwel,a,PsA,北落师门,1.16,-
Fomalhaut **,a,PsA,北落师门,1.16,-
Hastorang,a,PsA,北落师门,1.16,-
Os Piscis Meridiani,a,PsA,北落师门,1.16,-
Os Piscis Notii,a,PsA,北落师门,1.16,-
Al Rescha,a,Psc,外 屏 七,4.3,d
Al Richa,a,Psc,外 屏 七,4.3,d
Al Rischa,a,Psc,外 屏 七,4.3,d
Alrescha *,a,Psc,外屏七,4.3,d
Alrischa,a,Psc,外屏七,4.3,d
Alrisha,a,Psc,外屏七,4.3,d
El Rischa,a,Psc,外屏七,4.3,d
Fum Al Samakah,b,Psc,霹雳一,4.5,-
Kaitain,a,Psc,外屏七,4.3,d
Okda,a,Psc,外屏七,4.3,d
Rescha,a,Psc,外屏七,4.3,d
Torcularis Septentrionalis,o,Psc,右更四,4.3,-
Asmidiske,x,Pup,弧矢增十七,3.5,-
Aspidiske,x,Pup,弧矢增十七,3.5,-
Azmidiske,x,Pup,弧矢增十七,3.5,-
Markab,k1,Pup,弧矢六,4.5,-
Markeb,k1,Pup,弧矢六,4.5,-
Naos,z,Pup,弧矢增二十二,2.25,-
Suhail Hadar,z,Pup,弧矢增二十二,2.25,-
Acrab,b,Sco,房 宿 四,2.55,d
Al Niyat,s,Sco,心 宿 一,2.89,-
Al Niyat,t,Sco,心 宿 三,2.82,-
Alascha,l,Sco,尾宿八,1.63,-
Alniyat,s,Sco,心宿一,2.89,-
Antares **,a,Sco,心宿二,0.96,d
Calbalakrab,a,Sco,心宿二,0.96,d
Cor Scorpii,a,Sco,心宿二,0.96,d
Dschubba,d,Sco,房宿三,2.32,-
Dzuba,d,Sco,房宿三,2.32,-
Elacrab,b,Sco,房宿四,2.55,d
Girtab,k,Sco,尾宿七,2.41,-
Graffias *,b,Sco,房宿四,2.55,d
Graffias,z,Sco,尾宿三,3.8,-
Grafias,z,Sco,尾宿三,3.8,-
Iclarkrau,d,Sco,房宿三,2.32,-
Iclarkrav,d,Sco,房宿三,2.32,-
Jabbah,n,Sco,键闭,4,-
Kalb al Akrab,a,Sco,心宿二,0.96,d
Lesath,l,Sco,尾宿八,1.63,-
Lesath,n,Sco,键闭,4,-
Lesath *,u,Sco,尾宿九,2.69,-
Leschath,u,Sco,尾宿九,2.69,-
Lesuth,l,Sco,尾宿八,1.63,-
Lesuth,u,Sco,尾宿九,2.69,-
Sargas,q,Sco,尾宿五,1.87,-
Shaula *,l,Sco,尾宿八,1.63,-
Vespertilio,a,Sco,心宿二,0.96,d
Vespertilo,a,Sco,心宿二,0.96,d
Wei,e,Sco,尾宿二,2.29,-
Zuben el Genubi,g,Sco,-,3.3,-
Zuben Elgenubi,g,Sco,-,3.3,-
Zuben Hakrabi,g,Sco,-,3.3,-
Zubenalgubi,g,Sco,-,3.3,-
Alga,q,Ser,"徐 , 天市左垣七",4.5,-
Alya *,s,Ser,"徐 , 天市左垣七",4.5,-
Cor Sepentis,a,Ser,"蜀 , 天市右垣七",2.65,-
Unuk,a,Ser,"蜀 , 天市右垣七",2.65,-
Unuk al Hai,a,Ser,"蜀 , 天市右垣七",2.65,-
Unuk El Haia,a,Ser,"蜀 , 天市右垣七",2.65,-
Unuk Elhaia,a,Ser,"蜀 , 天市右垣七",2.65,-
Unukalhai *,a,Ser,"蜀 , 天市右垣七",2.65,-
Alsahm,a,Sge,左旗一,4.4,-
Sham,a,Sge,左旗一,4.4,-
Ain al Rami,m1,Sgr,斗 宿 三,4.8,-
Al Baldah,p,Sgr,建 三,2.89,-
Al Nasl,g,Sgr,箕 宿 一,2.99,-
Albaldah,p,Sgr,建三,2.89,-
Alnasl *,g,Sgr,箕宿一,2.99,-
Alnasr,g,Sgr,箕宿一,2.99,-
Alrami,a,Sgr,天渊三,4.1,-
Alwazl,g,Sgr,箕宿一,2.99,-
Arkab *,b,Sgr,"天渊一 , 天渊二",4.3,d
Arkeb Posterior,b2,Sgr,天渊一,4.5,-
Arkeb Prior,b1,Sgr,天渊二,4.3,-
Ascella *,x,Sgr,斗宿六,2.6,-
El Karidab,d,Sgr,箕宿二,2.7,-
Kaus Australis *,e,Sgr,箕宿三,1.85,-
Kaus Borealis *,l,Sgr,斗宿二,2.81,-
Kaus Media *,d,Sgr,箕宿二,2.7,-
Kaus Medius,d,Sgr,箕宿二,2.7,-
Kaus Meridionalis,d,Sgr,箕宿二,2.7,-
Media,d,Sgr,箕宿二,2.7,-
Nash,g,Sgr,箕宿一,2.99,-
Nasl,g,Sgr,箕宿一,2.99,-
Nunki *,s,Sgr,斗宿四,2.02,-
Nushaba,g,Sgr,箕宿一,2.99,-
Rukbat *,a,Sgr,天渊三,4.1,-
Rukbat al Rami,a,Sgr,天渊三,4.1,-
Sadira,s,Sgr,斗宿四,2.02,-
Terebellum,59,Sgr,狗国四,4.5,-
Urkab Posterior,b2,Sgr,天渊一,4.5,-
Urkab Prior,b1,Sgr,天渊二,4.3,-
Zuji al Nushshabah,g,Sgr,箕宿一,2.99,-
Ain,e,Tau,毕 宿 一,3.6,-
Alcyone *,h,Tau,昴宿六,2.87,-
Alcyone,x,Tau,天关,3,-
Aldebaran **,a,Tau,毕宿五,0.85,d
Alnath,b,Tau,五车五,1.65,-
Asterope,21,Tau,昴宿三,5.8,-
Atlas *,27,Tau,昴宿七,3.8,-
Celaeno *,16,Tau,昴宿增六,5.4,-
Celeno,16,Tau,昴宿增六,5.4,-
Celieno,16,Tau,昴宿增六,5.4,-
Cor Tauri,a,Tau,毕宿五,0.85,d
El Nath,b,Tau,五车五,1.65,-
Electra *,17,Tau,昴宿一,3.8,-
Elnath *,b,Tau,五车五,1.65,-
Hyadem I,g,Tau,毕宿四,3.7,-
Hyadem II,d1,Tau,毕宿三,3.8,-
Hyadem Primus,g,Tau,毕宿四,3.7,-
Hyadum I,g,Tau,毕宿四,3.7,-
Hyadum II,d1,Tau,毕宿三,3.8,-
Hyadum Primus,g,Tau,毕宿四,3.7,-
Maia *,20,Tau,昴宿四,4,-
Merope *,23,Tau,昴宿五,4.2,-
Nath,b,Tau,五车五,1.65,-
Oculus Boreus,e,Tau,毕宿一,3.6,-
Palilicium,a,Tau,毕宿五,0.85,d
Parilicium,a,Tau,毕宿五,0.85,d
Pleione *,28,Tau,昴宿增十二,5.1,-
Sterope *,21,Tau,昴宿三,5.8,-
Tayeta,19,Tau,昴宿二,4.4,-
Taygeta *,19,Tau,昴宿二,4.4,-
Taygete,19,Tau,昴宿二,4.4,-
Atria *,a,TrA,三角形三,1.92,-
Caput Trianguli,a,Tri,娄宿增六,3.4,-
Elmathalleth,a,Tri,娄宿增六,3.4,-
Elmuthalleth,a,Tri,娄宿增六,3.4,-
Metallah,a,Tri,娄宿增六,3.4,-
Metallah,a,Tri,娄宿增六,3.4,-
Mothallah,a,Tri,娄宿增六,3.4,-
Ras al Mothallath,a,Tri,娄宿增六,3.4,-
Ras al Muthallath,a,Tri,娄宿增六,3.4,-
Rasalmothallah,a,Tri,娄宿增六,3.4,-
Ak,a,UMa,"天 枢 ,北 斗 一",1.79,-
Al Kaphrah,c,UMa,太 阳 守,3.7,-
Alcaid,h,UMa,"摇光 , 北斗七",1.86,-
Alcor *,80,UMa,开阳增一,4,-
Aliath,e,UMa,"玉衡 , 北斗五",1.77,-
Alioth *,e,UMa,"玉衡 , 北斗五",1.77,-
Alkaid *,h,UMa,"摇光 , 北斗七",1.86,-
Alkaphrah,c,UMa,太阳守,3.7,-
Alula Australis *,x,UMa,"下台二 , 三台六",3.9,-
Alula Australe,x,UMa,"下台二 , 三台六",3.9,-
Alula Boreale,n,UMa,"下台一 , 三台五",3.7,-
Alula Borealis *,n,UMa,"下台一 , 三台五",3.7,-
Benatnasch,h,UMa,"摇光 , 北斗七",1.86,-
Benetnasch,h,UMa,"摇光 , 北斗七",1.86,-
Benetnash,h,UMa,"摇光 , 北斗七",1.86,-
Dnoces,i,UMa,"上台一 , 三台一",3.14,-
Dubb,a,UMa,"天枢 , 北斗一",1.79,-
Dubhe *,a,UMa,"天枢 , 北斗一",1.79,-
El Acola,x,UMa,"下台二 , 三台六",3.9,-
El Kaprah,k,UMa,"上台二 , 二台二",3.6,-
El Koprah,c,UMa,太阳守,3.7,-
El Phekrah,m,UMa,"中台二 , 三台四",3.05,-
Elkeid,h,UMa,"摇光 , 北斗七",1.86,-
Kaffa,d,UMa,"天权, 北斗四",3.4,-
Megres *,d,UMa,"天权 , 北斗四",3.4,-
Megrez,d,UMa,"天权 , 北斗四",3.4,-
Merak *,b,UMa,"天璇 , 北斗二",2.37,-
Mirza,z,UMa,"开阳 , 北斗六",2.27,-
Mizar *,z,UMa,"开阳 , 北斗六",2.27,-
Mizat,z,UMa,"开阳 , 北斗六",2.27,-
Muscida *,o,UMa,内阶一,3.4,-
Muscida,p2,UMa,内阶增七,4.8,-
Museida,p2,UMa,内阶增七,4.8,-
Phacd,g,UMa,"天玑 , 北斗三",2.44,-
Phad,g,UMa,"天玑 , 北斗三",2.44,-
Phad,g,UMa,"天玑 , 北斗三",2.44,-
Phecda *,g,UMa,"天玑,北斗三",2.44,-
Phegda,g,UMa,"天玑,北斗三",2.44,-
Phakda,g,UMa,"天玑,北斗三",2.44,-
Phekha,g,UMa,"天玑,北斗三",2.44,-
Saidak,80,UMa,开阳增一,4,-
Suha,80,UMa,开阳增一,4,-
Ta Tsun,p,UMa,"内阶增七 , 内阶增九",4.8,-
Talita,i,UMa,"上台一 , 三台一",3.14,-
Talitha *,i,UMa,"上台一 , 三台一",3.14,-
Tania Australis *,m,UMa,"中台二 , 三台四",3.05,-
Tania Borealis *,l,UMa,"中台一 , 三台三",3.5,-
Alasco,h,UMi,勾陈增九,5,-
Alifa,x,UMi,勾陈四,4.3,-
Alruccabah,a,UMi,"勾陈一 , 北极星",2.02,d
Angel Stern,a,UMi,"勾陈一 , 北极星",2.02,d
Cynosaura,a,UMi,"勾陈一 ,北极星",2.02,d
Cynosura,a,UMi,"勾陈一 ,北极星",2.02,d
Gildun,d,UMi,勾陈二,4.4,-
Kocab,b,UMi,"帝 , 北极二",2.08,-
Kochab *,b,UMi,"帝 , 北极二",2.08,-
Kochah,b,UMi,"帝 , 北极二",2.08,-
Lodestar,a,UMi,"勾陈一 , 北极星",2.02,d
Mismar,a,UMi,"勾陈一 , 北极星",2.02,d
Navigatoria,a,UMi,"勾陈一 , 北极星",2.02,d
Pherkad *,g,UMi,"太子 , 北极一",3.05,-
Pherkad Major,g,UMi,"太子 , 北极一",3.05,-
Pherkad Minor,l,UMi,勾陈增五,5,-
Pherkard,d,UMi,勾陈二,4.4,-
Phoenice,a,UMi,"勾陈一 , 北极星",2.02,d
Polaris *,a,UMi,"勾陈一 , 北极星",2.02,d
Tramontana,a,UMi,"勾陈一 , 北极星",2.02,d
Vildiur,d,UMi,勾陈二,4.4,-
Yildun,d,UMi,勾陈二,4.4,-
Yilduz,a,UMi,"勾陈一 , 北极星",2.02,d
Yilduz,d,UMi,勾陈二,4.4,-
Al Suhail al Muhlif,g,Vel,天 社 一,1.8,-
Al Suhail al Wazn,l,Vel,天 记,2.21,-
Alsuhail,l,Vel,天记,2.21,-
Markeb,C,Vel,-,3.4,-
Regor,g,Vel,天社一,1.8,-
Suhail,l,Vel,天记,2.21,-
Suhail al Mulif,g,Vel,天社一,1.8,-
Suhail al Wazn,l,Vel,天记,2.21,-
Alaraph,a,Vir,角宿一,0.98,-
Alaraph,b,Vir,"右执法 , 太微右垣一",3.6,-
Alaraph,e,Vir,"东次将 , 太微左垣四",2.83,-
Almuredin,e,Vir,"东次将 , 太微左垣四",2.83,-
Arich,g,Vir,"东上相 , 太微左垣二",2.75,d
Auva,d,Vir,"东次相 , 太微左垣三",3.4,-
Azimech,a,Vir,角宿一,0.98,-
Heze,z,Vir,角宿二,3.4,-
Minelauva,b,Vir,"右执法 , 太微右垣一",3.6,-
Minelauva,d,Vir,"东次相 , 太微左垣三",3.4,-
Minelauva,d,Vir,"东次相 , 太微左垣三",3.4,-
Porrima *,g,Vir,"东上相,太微左垣二",2.75,d
Postvarta,g,Vir,"东上相,太微左垣二",2.75,d
Protrygetor,e,Vir,"东次将 , 太微左垣四",2.83,-
Rigl al Awwa,m,Vir,亢宿增七,3.9,-
Spica **,a,Vir,角宿一,0.98,-
Spica Virginis,a,Vir,角宿一,0.98,-
Syrma *,i,Vir,亢宿二,4.2,-
Vendemiatrix,e,Vir,"东次相 , 太微左垣四",2.83,-
Vindemiator,e,Vir,"东次将 , 太微左垣四",2.83,-
Vindemiatrix *,e,Vir,"东次将 , 太微左垣四",2.83,-
Zania,h,Vir,"左执法 , 太微左垣一",4.1,-
Zaniah *,h,Vir,"左执法 , 太微左垣一",4.1,-
Zarijan,b,Vir,"右执法 , 太微右垣一",3.6,-
Zavijah,b,Vir,"右执法 , 太微右垣一",3.6,-
Zavijava *,b,Vir,"右执法 , 太微右垣一",3.6,-
Zavyava,b,Vir,"右执法 , 太微右垣一",3.6,-
Zawijah,b,Vir,"右执法 , 太微右垣一",3.6,-
Anser,a,Vul,齐增五,4.4,-
